{
  "project_info": {
    "project_number": "150622476465",
    "firebase_url": "https://netify-app.firebaseio.com",
    "project_id": "netify-app",
    "storage_bucket": "netify-app.appspot.com"
  },
  "client": [
    {
      "client_info": {
        "mobilesdk_app_id": "1:150622476465:android:c2f0571c628afa11eeea90",
        "android_client_info": {
          "package_name": "com.example.netifyapp"
        }
      },
      "oauth_client": [
        {
          "client_id": "150622476465-k8jpkqd53vnklajrk8nlm38uhb6cbipl.apps.googleusercontent.com",
          "client_type": 1,
          "android_info": {
            "package_name": "com.example.netifyapp",
            "certificate_hash": "7c5cde28360b41d374a1ac30cfb2b2bef39c7f63"
          }
        },
        {
          "client_id": "150622476465-q9gs01vknbsc3t7g5p3u27ie854mb2a1.apps.googleusercontent.com",
          "client_type": 3
        }
      ],
      "api_key": [
        {
          "current_key": "AIzaSyD94zhGtFl3WXXOTEV-VnfcXzXxu0EGFE8"
        }
      ],
      "services": {
        "appinvite_service": {
          "other_platform_oauth_client": [
            {
              "client_id": "150622476465-q9gs01vknbsc3t7g5p3u27ie854mb2a1.apps.googleusercontent.com",
              "client_type": 3
            }
          ]
        }
      }
    }
  ],
  "configuration_version": "1"
}